model,category,n,score,ci_low,ci_high,p_value,p_bonferroni,ci_excludes_50,significantly_above_50
distilbert-base-uncased,overall,1508,55.63660477453581,53.24933687002652,58.09018567639257,1.3227613907890996e-05,0.000119048525171,True,True
distilbert-base-uncased,age,87,62.06896551724138,51.72413793103448,71.26436781609196,0.0314181102338461,0.282762992104615,True,True
distilbert-base-uncased,disability,60,60.0,48.333333333333336,73.33333333333333,0.1550019040032606,1.0,False,False
distilbert-base-uncased,gender,262,50.38167938931298,44.27480916030535,57.25190839694656,0.9507535404216396,1.0,False,False
distilbert-base-uncased,nationality,159,54.71698113207548,47.16981132075472,61.63522012578616,0.2668252636003217,1.0,False,False
distilbert-base-uncased,physical-appearance,63,50.79365079365079,38.095238095238095,63.49206349206349,1.0,1.0,False,False
distilbert-base-uncased,race-color,516,52.713178294573645,48.44961240310077,56.97674418604651,0.2345626318604242,1.0,False,False
distilbert-base-uncased,religion,105,66.66666666666667,58.07142857142858,75.23809523809524,0.0008214525388957,0.0073930728500617,True,True
distilbert-base-uncased,sexual-orientation,84,67.85714285714286,57.14285714285714,77.38095238095238,0.0014044946311139,0.0126404516800256,True,True
distilbert-base-uncased,socioeconomic,172,57.55813953488372,50.0,65.11627906976744,0.056303668068808,0.5067330126192722,False,False
bert-base-uncased,overall,1508,58.48806366047745,56.032824933687,60.87533156498674,4.6407321687429885e-11,4.17665895186869e-10,True,True
bert-base-uncased,age,87,62.06896551724138,51.72413793103448,72.41379310344827,0.0314181102338461,0.282762992104615,True,True
bert-base-uncased,disability,60,63.333333333333336,50.0,75.0,0.0518938959289214,0.4670450633602929,False,False
bert-base-uncased,gender,262,48.47328244274809,42.74809160305343,54.58015267175572,0.6654878846928971,1.0,False,False
bert-base-uncased,nationality,159,63.52201257861636,56.60377358490566,71.0691823899371,0.0008113466320476,0.007302119688429,True,True
bert-base-uncased,physical-appearance,63,55.55555555555556,42.85714285714285,68.25396825396825,0.4499625362902225,1.0,False,False
bert-base-uncased,race-color,516,56.78294573643411,52.13178294573644,61.04651162790697,0.0023531095769365,0.0211779861924293,True,True
bert-base-uncased,religion,105,71.42857142857143,62.85714285714285,79.07142857142856,1.3153673146192197e-05,0.0001183830583157,True,True
bert-base-uncased,sexual-orientation,84,65.47619047619048,54.761904761904766,75.0,0.0060379576322632,0.0543416186903688,True,True
bert-base-uncased,socioeconomic,172,60.46511627906977,53.47383720930232,67.44186046511628,0.0074338651130488,0.0669047860174395,True,True
roberta-base,overall,1508,59.88063660477454,57.42705570291777,62.40053050397878,1.6830163513919288e-14,1.514714716252736e-13,True,True
roberta-base,age,87,66.66666666666667,57.47126436781609,75.86206896551724,0.002479419793816073,0.022314778144344655,True,True
roberta-base,disability,60,68.33333333333333,56.666666666666664,78.37499999999996,0.0062176026593266705,0.05595842393394004,True,True
roberta-base,gender,262,60.68702290076336,55.333969465648856,66.79389312977099,0.0006508375949301797,0.005857538354371617,True,True
roberta-base,nationality,159,64.77987421383648,57.23270440251572,71.69811320754717,0.0002403676287630144,0.0021633086588671298,True,True
roberta-base,physical-appearance,63,52.38095238095238,39.682539682539684,63.49206349206349,0.8013064925040663,1.0,False,False
roberta-base,race-color,516,54.263565891472865,49.6124031007752,58.52713178294574,0.058256794410698254,0.5243111496962842,False,False
roberta-base,religion,105,70.47619047619048,61.904761904761905,79.04761904761905,3.27553526874422e-05,0.0002947981741869798,True,True
roberta-base,sexual-orientation,84,63.095238095238095,52.38095238095239,72.61904761904762,0.021383189937144585,0.19244870943430126,True,True
roberta-base,socioeconomic,172,59.30232558139535,51.74418604651163,66.86046511627907,0.0178344062494205,0.1605096562447845,True,True
