-0.000331,-0.001815,0.000156,0.000659,0.000739,-0.000524,0.001348,-0.000710,-0.001641,0.001461,-0.000961,-0.000694
0.000008,-0.000491,-0.000015,-0.000019,0.000390,0.000268,-0.001151,0.000485,0.000481,0.001380,0.002079,0.000977
0.001215,0.001017,-0.001121,0.000715,-0.000982,0.001617,-0.003241,0.000516,0.001125,-0.000587,-0.000020,-0.000363
0.000286,-0.000745,-0.000491,0.000592,-0.000564,0.002340,0.000592,0.000412,0.001724,0.000323,0.001537,0.000355
0.000993,-0.000502,-0.000377,0.000216,0.000136,0.002243,-0.000926,-0.002920,0.001563,-0.003012,-0.000523,0.002284
0.002624,-0.000007,-0.000594,0.000918,-0.000133,-0.000832,-0.000520,0.003797,-0.002701,0.003455,0.000245,-0.000938
0.003649,-0.000781,-0.001562,-0.000824,0.000324,-0.001842,0.001523,0.000375,0.001567,0.002232,-0.000502,-0.001333
-0.002695,0.002418,-0.000511,-0.001386,-0.001130,-0.001872,0.000112,-0.001524,-0.000703,-0.001645,0.003715,0.000025
-0.002525,0.001430,0.000335,0.000732,-0.000594,0.001126,0.000281,0.002321,0.001428,0.000503,-0.002710,0.000524
0.002480,-0.000192,-0.001517,-0.001461,0.000349,0.005194,0.000614,0.002484,0.002889,-0.000079,-0.000464,0.000208
0.000069,0.000888,0.000113,0.000565,0.002477,0.000487,-0.000581,0.001021,-0.000306,0.000212,0.000008,-0.001031
-0.000983,-0.000864,0.004341,0.000799,-0.000518,0.000933,0.000219,0.000251,0.000785,0.000387,0.001347,0.001451
