-0.000461,-0.000925,-0.000538,-0.000077,0.003943,0.001901,0.000560,0.000393,0.002974,0.000001,0.001962,0.000790
-0.000441,-0.001334,0.000037,-0.000470,0.002615,-0.000107,-0.000062,-0.000991,0.001112,0.000870,0.001038,-0.000694
0.000740,-0.000480,0.000571,-0.002907,0.001126,-0.002179,0.000464,-0.002087,0.001783,0.002248,-0.001121,0.001345
0.000682,0.006080,0.000682,-0.000305,-0.000706,-0.001833,0.001352,-0.000332,-0.002629,0.001894,0.000412,-0.000383
0.000208,0.000089,0.002524,-0.000246,-0.001405,0.001102,-0.001343,-0.000273,0.000790,0.000651,-0.001140,0.003322
0.001841,0.000916,-0.000689,0.001669,-0.001444,0.001208,-0.000999,-0.001588,0.001031,0.001864,-0.001239,-0.000167
0.003684,0.000289,-0.000752,0.001412,-0.001914,-0.000086,-0.001027,0.000701,-0.000578,0.002925,-0.001201,0.000393
-0.001180,0.000432,0.001499,0.001041,-0.000826,0.000501,-0.000139,0.000533,0.000493,-0.001096,0.005619,-0.000315
-0.000544,0.000572,-0.000161,-0.000926,-0.000892,-0.000950,-0.000481,-0.000117,-0.000465,-0.000023,0.007637,-0.002693
-0.000365,0.000133,-0.000403,-0.000112,-0.000151,-0.000247,0.000322,0.003404,0.000009,0.000017,0.000068,-0.001330
-0.000380,0.000469,-0.000045,0.000188,0.000374,0.000031,0.000700,0.000175,0.000349,0.000066,-0.000111,0.000237
0.000438,0.000074,0.000061,0.000358,0.000023,0.000324,-0.000056,0.000230,0.000227,0.000329,0.000145,0.000330
