model,task,layer,accuracy,control_accuracy,baseline
bert-base-uncased,ner,0,0.8766,,0.8161
bert-base-uncased,ner,1,0.9088,,0.8161
bert-base-uncased,ner,2,0.9195,,0.8161
bert-base-uncased,ner,3,0.9241,,0.8161
bert-base-uncased,ner,4,0.9383,,0.8161
bert-base-uncased,ner,5,0.9418,,0.8161
bert-base-uncased,ner,6,0.9534,,0.8161
bert-base-uncased,ner,7,0.9609,,0.8161
bert-base-uncased,ner,8,0.9609,,0.8161
bert-base-uncased,ner,9,0.96,,0.8161
bert-base-uncased,ner,10,0.9563,,0.8161
bert-base-uncased,ner,11,0.9554,,0.8161
bert-base-uncased,ner,12,0.9566,,0.8161
bert-base-uncased,pos,0,0.8149,0.7055,0.1845
bert-base-uncased,pos,1,0.8543,0.636,0.1845
bert-base-uncased,pos,2,0.865,0.6082,0.1845
bert-base-uncased,pos,3,0.8619,0.5862,0.1845
bert-base-uncased,pos,4,0.8726,0.5717,0.1845
bert-base-uncased,pos,5,0.8723,0.5552,0.1845
bert-base-uncased,pos,6,0.8743,0.5361,0.1845
bert-base-uncased,pos,7,0.8711,0.5123,0.1845
bert-base-uncased,pos,8,0.8662,0.5155,0.1845
bert-base-uncased,pos,9,0.8671,0.4886,0.1845
bert-base-uncased,pos,10,0.8448,0.4862,0.1845
bert-base-uncased,pos,11,0.8358,0.4729,0.1845
bert-base-uncased,pos,12,0.8396,0.4781,0.1845
bert-base-uncased,sentiment,0,0.692,,0.5
bert-base-uncased,sentiment,1,0.7,,0.5
bert-base-uncased,sentiment,2,0.736,,0.5
bert-base-uncased,sentiment,3,0.716,,0.5
bert-base-uncased,sentiment,4,0.744,,0.5
bert-base-uncased,sentiment,5,0.772,,0.5
bert-base-uncased,sentiment,6,0.796,,0.5
bert-base-uncased,sentiment,7,0.792,,0.5
bert-base-uncased,sentiment,8,0.82,,0.5
bert-base-uncased,sentiment,9,0.876,,0.5
bert-base-uncased,sentiment,10,0.84,,0.5
bert-base-uncased,sentiment,11,0.836,,0.5
bert-base-uncased,sentiment,12,0.84,,0.5
distilbert-base-uncased,ner,0,0.8775,,0.8161
distilbert-base-uncased,ner,1,0.9212,,0.8161
distilbert-base-uncased,ner,2,0.9351,,0.8161
distilbert-base-uncased,ner,3,0.949,,0.8161
distilbert-base-uncased,ner,4,0.9586,,0.8161
distilbert-base-uncased,ner,5,0.9583,,0.8161
distilbert-base-uncased,ner,6,0.9516,,0.8161
distilbert-base-uncased,pos,0,0.8271,0.7078,0.1845
distilbert-base-uncased,pos,1,0.8743,0.6154,0.1845
distilbert-base-uncased,pos,2,0.8807,0.5833,0.1845
distilbert-base-uncased,pos,3,0.8816,0.5474,0.1845
distilbert-base-uncased,pos,4,0.8723,0.5239,0.1845
distilbert-base-uncased,pos,5,0.8674,0.5132,0.1845
distilbert-base-uncased,pos,6,0.872,0.5062,0.1845
distilbert-base-uncased,sentiment,0,0.688,,0.5
distilbert-base-uncased,sentiment,1,0.672,,0.5
distilbert-base-uncased,sentiment,2,0.7,,0.5
distilbert-base-uncased,sentiment,3,0.744,,0.5
distilbert-base-uncased,sentiment,4,0.756,,0.5
distilbert-base-uncased,sentiment,5,0.772,,0.5
distilbert-base-uncased,sentiment,6,0.792,,0.5
roberta-base,ner,0,0.8865,,0.8161
roberta-base,ner,1,0.9317,,0.8161
roberta-base,ner,2,0.9435,,0.8161
roberta-base,ner,3,0.958,,0.8161
roberta-base,ner,4,0.9641,,0.8161
roberta-base,ner,5,0.9684,,0.8161
roberta-base,ner,6,0.9693,,0.8161
roberta-base,ner,7,0.9681,,0.8161
roberta-base,ner,8,0.9702,,0.8161
roberta-base,ner,9,0.9693,,0.8161
roberta-base,ner,10,0.9676,,0.8161
roberta-base,ner,11,0.9635,,0.8161
roberta-base,ner,12,0.965,,0.8161
roberta-base,pos,0,0.8737,0.6829,0.1845
roberta-base,pos,1,0.901,0.5969,0.1845
roberta-base,pos,2,0.9047,0.5752,0.1845
roberta-base,pos,3,0.9088,0.5465,0.1845
roberta-base,pos,4,0.9067,0.5175,0.1845
roberta-base,pos,5,0.8978,0.5001,0.1845
roberta-base,pos,6,0.8986,0.4889,0.1845
roberta-base,pos,7,0.8911,0.4828,0.1845
roberta-base,pos,8,0.885,0.4729,0.1845
roberta-base,pos,9,0.8914,0.4851,0.1845
roberta-base,pos,10,0.8873,0.4958,0.1845
roberta-base,pos,11,0.8934,0.5077,0.1845
roberta-base,pos,12,0.8801,0.4981,0.1845
roberta-base,sentiment,0,0.736,,0.5
roberta-base,sentiment,1,0.708,,0.5
roberta-base,sentiment,2,0.74,,0.5
roberta-base,sentiment,3,0.776,,0.5
roberta-base,sentiment,4,0.808,,0.5
roberta-base,sentiment,5,0.796,,0.5
roberta-base,sentiment,6,0.808,,0.5
roberta-base,sentiment,7,0.82,,0.5
roberta-base,sentiment,8,0.844,,0.5
roberta-base,sentiment,9,0.788,,0.5
roberta-base,sentiment,10,0.8,,0.5
roberta-base,sentiment,11,0.8,,0.5
roberta-base,sentiment,12,0.812,,0.5
