model,pct_removed,heads_removed,acc_importance,acc_random_mean,acc_random_std
roberta,0,0,0.935,0.9350000000000002,1.1102230246251565e-16
roberta,10,14,0.95,0.9279999999999999,0.00509901951359279
roberta,20,29,0.94,0.925,0.003162277660168382
roberta,30,43,0.93,0.922,0.008717797887081356
roberta,40,58,0.935,0.9,0.012247448713915901
roberta,50,72,0.935,0.866,0.04913247398615299
roberta,60,86,0.93,0.765,0.12723993083933988
roberta,70,101,0.5,0.669,0.1366528448295168
roberta,80,115,0.5,0.515,0.027568097504180423
roberta,90,130,0.5,0.5,0.0
roberta,100,144,0.5,0.5,0.0
